Date,Domain,File Type,Detail
2014-07-26 23:09:46,http://www.speedyshare.com/dm.php?ac=10&size=...,PE32,https://malshare.com/sample.php?action=detail&hash=2a35c33335893f1ae72ca2030075870c
2014-09-06 19:15:42,http://lindy.co.id/333,PE32,https://malshare.com/sample.php?action=detail&hash=46a9704c507f72eba041ea19a514a2ac
2015-04-22 07:03:32,http://tabloidpulsa.co.id/images/data/2017/pp...,PE32,https://malshare.com/sample.php?action=detail&hash=236c226e78f7186ec30890a8b5b1c3f2
2015-04-23 21:25:24,http://tabloidpulsa.co.id/images/data/2017/pp...,PE32,https://malshare.com/sample.php?action=detail&hash=30bf42eb79b6a10fdfe6212cb10380ac
2015-04-29 11:22:15,http://tabloidpulsa.co.id/images/data/2017/pp...,PE32,https://malshare.com/sample.php?action=detail&hash=4e57b42a51ab4680aa93e4d0616cc19d
2015-05-03 22:31:24,http://tabloidpulsa.co.id/images/data/2017/pp...,PE32,https://malshare.com/sample.php?action=detail&hash=bbbaf7e3145fef5e54ca2a983941b76e
2015-05-08 14:29:47,http://tabloidpulsa.co.id/images/data/2017/pp...,PE32,https://malshare.com/sample.php?action=detail&hash=6ec8a15d1f922da536bed28847b5d119
2015-05-12 08:22:20,http://m.tabloidpulsa.co.id/images/data/2017/...,PE32,https://malshare.com/sample.php?action=detail&hash=4ca54a33cb30c9f56f1cb5a3dd842a66
2015-05-13 22:21:53,http://tabloidpulsa.co.id/images/data/2017/pp...,PE32,https://malshare.com/sample.php?action=detail&hash=af39f2c9008352e5b837370cd78ae7d9
2015-05-16 13:49:40,http://m.tabloidpulsa.co.id/images/data/2017/...,PE32,https://malshare.com/sample.php?action=detail&hash=1430059b65baace99f117cc193fe7305
2015-05-19 07:02:34,http://m.tabloidpulsa.co.id/images/data/2017/...,PE32,https://malshare.com/sample.php?action=detail&hash=0b4e7c53921f074417c96e4107036ee2
2015-05-25 11:39:29,http://m.tabloidpulsa.co.id/images/data/2017/...,PE32,https://malshare.com/sample.php?action=detail&hash=3cb0d927e1a4e8e60bf6db66d7fea37c
2015-12-30 05:16:33,http://m.tabloidpulsa.co.id/images/ss.exe,PE32,https://malshare.com/sample.php?action=detail&hash=660394c0eba147d05d2d00a9e0fe55b5
2016-06-23 15:01:20,http://atlantaelectronics.co.id/quv7rcc1,data,https://malshare.com/sample.php?action=detail&hash=7b46162ccc7764c5744a632e348a80be
2016-06-27 18:00:20,http://atlantaelectronics.co.id/kjdfbm,data,https://malshare.com/sample.php?action=detail&hash=7addf3a8ee34b06eed89b8e70eb01f56
2016-06-28 15:00:19,http://atlantaelectronics.co.id/xe1370n,data,https://malshare.com/sample.php?action=detail&hash=53574b69cc9edda3e0188498dd53c8d4
2016-10-13 10:00:11,http://dapurslkm.co.id/mw/p/micro.exe,PE32,https://malshare.com/sample.php?action=detail&hash=3e7da07027a273d289ec506abbe1dce4
2016-10-18 12:00:58,http://dapurslkm.co.id/mw/p/micro.exe,ASCII,https://malshare.com/sample.php?action=detail&hash=670032e3d0358cdb723873bf6b3b0cd3
2015-10-19 04:01:49,http://ukenterprisetours.com/877453tr/rebrb45...,HTML,https://malshare.com/sample.php?action=detail&hash=ba2756ce2f1e01f3a753d7a0b28e8ca5
2017-03-04 20:46:30,http://bawangmerah.co.id/imaige/index(1).html,HTML,https://malshare.com/sample.php?action=detail&hash=dc5d93d63477f5beb21e7427c61350b1
2017-03-04 20:46:44,http://www.krupukkeyel.co.id/image/flags/flag...,HTML,https://malshare.com/sample.php?action=detail&hash=6db6f9e0b0d3b79d83219cc7651638be
2017-03-04 20:51:02,http://www.tokohenik.co.id/confg/wells/wells/...,HTML,https://malshare.com/sample.php?action=detail&hash=a96b5f93e50f4f8cd13a7441e7d11df9
2017-03-04 20:55:41,http://sumbersariindah.co.id/outloook/verifyo...,HTML,https://malshare.com/sample.php?action=detail&hash=5932ad485d759c04eb5a39d5ad4045b3
2017-03-04 21:02:04,http://www.kofi.co.id/wp-includes/certificate...,HTML,https://malshare.com/sample.php?action=detail&hash=9a367df0775bb57af7bcdade29abc65c
2017-03-04 21:03:55,http://pondoksalero.co.id/catalog/language/en...,HTML,https://malshare.com/sample.php?action=detail&hash=0f4318a888749385599d2c29585cbab7
2017-03-04 21:10:37,http://kurniaaquarium.co.id/catalog/view/Logi...,HTML,https://malshare.com/sample.php?action=detail&hash=e60f078f34065b9281f0be90761bf708
2017-03-04 20:45:57,http://kenhtin113.com/loop/Gdoccc,HTML,https://malshare.com/sample.php?action=detail&hash=28aa8c199df943ff70908bffb76889ad
2017-03-04 21:03:12,http://www.matchdatepicture.com/newpictures,HTML,https://malshare.com/sample.php?action=detail&hash=27eac4d4f3534d84516fd8e1262915bf
2017-03-04 21:16:12,http://aftercoffee.co.id/wp-includes/fonts/DH...,HTML,https://malshare.com/sample.php?action=detail&hash=b350cd1e197e7f50d447ffb8ca619d5a
2017-03-04 21:16:16,http://kurniaaquarium.co.id/cornre/YAHOO%20PA...,HTML,https://malshare.com/sample.php?action=detail&hash=69f5da8e68d9bae532ac6d849a84e31a
2017-03-04 21:30:16,http://nada-travel.co.id/sent/tracking.php?l=...,HTML,https://malshare.com/sample.php?action=detail&hash=c6f4ba39da556fac6c13ce3960609108
2017-03-04 21:39:51,http://warungmakan-slamet.co.id/wp-includes/w...,HTML,https://malshare.com/sample.php?action=detail&hash=7800c3ed9d4b2f49a824591602b239ed
2017-03-04 20:48:21,http://elijahscherer.com/file/,HTML,https://malshare.com/sample.php?action=detail&hash=cf87423b9d2882838003a53a622b7b79
2017-03-04 20:48:27,http://sandyfire.org/ao/obi/A1/IOLB/login.php,HTML,https://malshare.com/sample.php?action=detail&hash=cf1eab683a45bb4e2beab8df4f29191b
2017-03-04 20:49:38,http://www.oppulenz.com/review,HTML,https://malshare.com/sample.php?action=detail&hash=42f8fd63b44c7c1f9aaeb3338b9d0996
2017-03-04 20:51:17,http://ashtajalarani.org/wp-content/themes/li...,HTML,https://malshare.com/sample.php?action=detail&hash=c2dd074b6dd0fde86b138a90731bee60
2017-03-04 21:39:32,http://prolocotrichiana.it/administrator/offi...,HTML,https://malshare.com/sample.php?action=detail&hash=89ba68c663ee15984f3ed5e7c3ea3756
2017-03-04 21:23:41,http://disfrutafresca.com/www.spk.de/spk.sich...,HTML,https://malshare.com/sample.php?action=detail&hash=e88af75b43cce5da8d17b777ebc12f68
2017-03-05 02:58:36,http://globissys.co.id/hgf65g,HTML,https://malshare.com/sample.php?action=detail&hash=1a7e95e28c4ae678f6f84b93e1b35f91
2016-11-24 13:00:13,http://sparezz.com/g67eihnrv,data,https://malshare.com/sample.php?action=detail&hash=7b730a6ca2ea4c67f22e77291eb89c85
2016-11-23 14:00:14,http://padcha.com/08yhrf3,data,https://malshare.com/sample.php?action=detail&hash=a74f4ed7171e035198f93a6210bb29ea
2017-03-05 06:06:19,http://nabila.co.id/2zm3irl0wq,data,https://malshare.com/sample.php?action=detail&hash=d584e3c67a6767a57179f1b31d782c3d
2017-03-04 23:15:43,http://03284db.netsolhost.com/t76f3g,data,https://malshare.com/sample.php?action=detail&hash=c1ba0818c697c3c1a556c7dfdcb1edd4
2017-03-06 03:06:38,http://aksesoriehpunik.co.id/wp-includes/cert...,HTML,https://malshare.com/sample.php?action=detail&hash=c371d83ec9ab384f1395336d2be53a11
2017-03-06 03:08:23,http://cvsksjaya.co.id/wp-includes/images/cry...,HTML,https://malshare.com/sample.php?action=detail&hash=cba43194f87f9ccb7381d52387f4303d
2017-03-06 03:08:41,http://ikhwanproduction.co.id/wp-link/juno.ru...,HTML,https://malshare.com/sample.php?action=detail&hash=0d613f6306b8478fa1e681ecce91e0a0
2017-03-06 03:08:43,http://ikhwanproduction.co.id/wp-link/juno.ru...,HTML,https://malshare.com/sample.php?action=detail&hash=8298bd9c23e386011f7ffcf96b349e7e
2017-03-06 03:21:41,http://www.tokohenik.co.id/confg/wells/wells/...,HTML,https://malshare.com/sample.php?action=detail&hash=6485b6426f58937e693ed3c2ec24d930
2017-03-04 20:46:18,http://www.rosefloristasri.com/img/login.alib...,HTML,https://malshare.com/sample.php?action=detail&hash=c683c1712f87f9e5632a351df887f801
2017-03-04 20:47:56,http://habot.co.za/verifi/,HTML,https://malshare.com/sample.php?action=detail&hash=934e665097193c35b3d7700e5240b2af
2017-03-04 21:03:43,http://ht-heiztechnik.ua/modules/mod_cabinet/...,HTML,https://malshare.com/sample.php?action=detail&hash=97cfda52fe8c463c42e02d9d107bb123
2017-03-04 20:47:48,http://arvindudyog.com/fmsk/kate/kate/386d688...,HTML,https://malshare.com/sample.php?action=detail&hash=189f89a2c18d6b0b0bdddbab8e8e1e47
2017-03-07 03:49:51,http://cvsksjaya.co.id/wp-includes/images/cry...,HTML,https://malshare.com/sample.php?action=detail&hash=4345190dbc51655ddcc00df5423c587a
2017-03-08 03:01:17,http://basit.co.id/Adobe.pdf/adobe.php?email=...,HTML,https://malshare.com/sample.php?action=detail&hash=61731edd4995319d50721ded77e2497f
2017-03-08 03:02:14,https://basit.co.id/Adobe.pdf/adobe.php?email...,HTML,https://malshare.com/sample.php?action=detail&hash=03c48e9453c282541f5b0c79ddde72a5
2017-03-08 03:02:46,http://anantaraeu.co.id/PDF/Match/match/,HTML,https://malshare.com/sample.php?action=detail&hash=7ec6e23dd6bdec83acc83efbe0b61770
2017-03-04 20:46:07,http://freemobile-fr.hwtechservices.info/fr/9...,HTML,https://malshare.com/sample.php?action=detail&hash=c6ef65c2ef1c02a562ca0880b25d1232
2017-03-04 20:47:50,http://swm-as.com/css/dropbox/,HTML,https://malshare.com/sample.php?action=detail&hash=cbec602c0e7f947d987bad6aa840b9da
2017-03-10 03:02:50,http://nada-travel.co.id/main/tracking.php?l=...,HTML,https://malshare.com/sample.php?action=detail&hash=38d4739d2fea901559837940bd312718
2017-03-10 03:14:43,http://alatlaboratorium.co.id/blog/webmail/we...,HTML,https://malshare.com/sample.php?action=detail&hash=062deec3e9cdea461e5c669f79d704b7
2017-03-11 03:07:57,http://tokosembako.co.id/earthlink/earthlink....,HTML,https://malshare.com/sample.php?action=detail&hash=10537644ef67bc94dea40fc0be9b1ea2
2017-03-04 21:15:53,http://fwngc.com/wp-includes/rest-api/login.j...,HTML,https://malshare.com/sample.php?action=detail&hash=2c222e45b0b41e919d17f3d7988825f4
2017-03-12 03:06:35,http://www.batiktinularsih-temanggung.co.id/w...,HTML,https://malshare.com/sample.php?action=detail&hash=ff048ac6f162b492d5cada632ca53e49
2017-03-13 03:02:05,http://www.sekom.co.id/wp-content/zokky/websc...,HTML,https://malshare.com/sample.php?action=detail&hash=39d5634299201a077df77264da436cd3
2017-03-04 21:32:34,http://buranbenjarong.com/images/Blackboard-L...,HTML,https://malshare.com/sample.php?action=detail&hash=988256633babff2b3798835db29ecf24
2017-03-13 03:09:49,http://apps.admiral.co.id/jq/js/france/wps/Ca...,HTML,https://malshare.com/sample.php?action=detail&hash=406a95404d50f4c4303f397faf7e6a98
2017-03-15 03:01:39,http://donatsuhe.co.id/ING/index3.html,HTML,https://malshare.com/sample.php?action=detail&hash=f577c849585122123be16c94ae7b3892
2017-03-15 03:01:40,http://donatsuhe.co.id/ING/index4.html,HTML,https://malshare.com/sample.php?action=detail&hash=65153faf08b8d86706c50812baa580b2
2017-03-04 20:47:59,http://eastlakesupport.com/images/US/fox/drop...,HTML,https://malshare.com/sample.php?action=detail&hash=66e693506ce51b6562f93e62c780dbf1
2017-03-04 21:46:02,http://burnsmachinery.co.za/wp-includes/image...,HTML,https://malshare.com/sample.php?action=detail&hash=3248736cdd90865bc2c5219ce5ad3012
2017-03-04 20:58:09,http://docusfilereview.com/pg/6cc04704a0031e8...,HTML,https://malshare.com/sample.php?action=detail&hash=b2cb37725db6c1125602eecbb7ffff96
2017-03-15 03:36:30,http://www.batiktinularsih-temanggung.co.id/w...,HTML,https://malshare.com/sample.php?action=detail&hash=79d95e661669c5c0bf343dd01179f240
2017-03-04 20:55:44,http://baomoiz.com/fwwfwf/office/,HTML,https://malshare.com/sample.php?action=detail&hash=e46e6ad118d049eba5dd1b3ec8b4380d
2017-03-16 03:01:48,http://yonstailor.co.id/image/data/chaseonlin...,HTML,https://malshare.com/sample.php?action=detail&hash=3e5630875bc4eadf8e80f2aada4a3853
2017-03-04 21:41:17,http://rodritol.com/modules/adeb/adobe.php,HTML,https://malshare.com/sample.php?action=detail&hash=1588bfa9401da95ccc2fa5396206a9c5
2017-03-15 03:10:58,https://www.ecreasys.com/nkl/secure-domain-en...,HTML,https://malshare.com/sample.php?action=detail&hash=e6960c4ac59010dcafe389050700c3a1
2017-03-16 04:08:04,http://www.batiktinularsih-temanggung.co.id/w...,HTML,https://malshare.com/sample.php?action=detail&hash=ffaf49d2ee63c77c09ec953d6604e37b
2017-03-17 03:09:53,http://www.vyntech.co.id/com.snt.br/201702B8C...,HTML,https://malshare.com/sample.php?action=detail&hash=794b86007d1a94bd25022f996df38c9e
2017-03-04 20:47:51,http://asesoriasgapple.cl/g/ayo1/,HTML,https://malshare.com/sample.php?action=detail&hash=88e63e51f38a69ccdac8180a81fb4ed9
2017-03-04 20:49:25,http://wealthvisionfs.com/wp-admin/39231/0410...,HTML,https://malshare.com/sample.php?action=detail&hash=ebca03b0394396ba9d65b3a2990db895
2017-03-18 03:04:57,http://www.anugrahabadi.co.id/newinfo/oldme/o...,C,https://malshare.com/sample.php?action=detail&hash=95178fc2fe2bb4a06b6c62f24a90dccd
2017-03-18 04:00:33,http://panjishop.co.id/yahoo/Yahoo/,HTML,https://malshare.com/sample.php?action=detail&hash=6ef98660a20504ebd666241bde04c18d
2017-03-19 03:08:45,http://anugrahabadi.co.id/kharkov/oldme/oods/...,C,https://malshare.com/sample.php?action=detail&hash=8266bda4c7ff69b98c139e4f9a284e9f
2017-03-19 04:21:55,http://www.vyntech.co.id/com.snt.br/201702B8C...,HTML,https://malshare.com/sample.php?action=detail&hash=c3c425cc04a4e1f316b4cb23b621e72a
2017-03-17 03:04:32,http://23.254.240.124/~unkkfkex/dex/filewords...,HTML,https://malshare.com/sample.php?action=detail&hash=2285946fd8db711b6940df662d4f3559
2017-03-04 20:48:16,http://mit.org.za/libraries/fof/shannon/eda66...,HTML,https://malshare.com/sample.php?action=detail&hash=eda106afc10a6b84926577147dff7a36
2017-03-04 21:42:52,http://accofestival.co.il/1css/googledocs,HTML,https://malshare.com/sample.php?action=detail&hash=30953d1e5ebef15e8ca3bec08e6042a4
2017-03-22 03:00:15,http://www.axmole.co.id/bin/yahoo/login.php?l...,HTML,https://malshare.com/sample.php?action=detail&hash=16a970ba8e8c185835a0e9fea00ae85b
2017-03-07 03:30:46,http://www.grace-cottage.org/wp-admin/include...,HTML,https://malshare.com/sample.php?action=detail&hash=e27ac7c4f22fca3263b6197315bfb4d1
2017-03-23 03:00:23,http://arissulistyo-bookmade.co.id/config/bg3...,HTML,https://malshare.com/sample.php?action=detail&hash=7c88ea497bef44f58679cbf162e3893b
2017-03-23 03:00:24,http://arissulistyo-bookmade.co.id/config/bg3...,HTML,https://malshare.com/sample.php?action=detail&hash=bd39ca117aa7049ac9f994e2477bf4c3
2017-03-23 03:03:03,http://ayunadi.co.id/wells/verify.php,HTML,https://malshare.com/sample.php?action=detail&hash=940e2564b7b1e48cecc0e31e2c604cf7
2017-03-23 03:08:27,http://www.axmole.co.id/cp/index.php?userid=s...,HTML,https://malshare.com/sample.php?action=detail&hash=8669f98526853f151f8ad2cb3da8f40e
2017-03-23 03:21:28,http://www.axmole.co.id/bin/yahoo/login.php?l...,HTML,https://malshare.com/sample.php?action=detail&hash=2a09ed550a3a79316446295a49cafd7e
2017-03-23 03:21:43,http://www.axmole.co.id/bin/index.php,HTML,https://malshare.com/sample.php?action=detail&hash=caf675fec9e0c1fe048f0f568a790cef
2017-03-24 03:06:34,http://www.sewamainananak.co.id/wp-includes/j...,HTML,https://malshare.com/sample.php?action=detail&hash=5dbd1f2cad236485af4dbcb7d0410bb7
2017-03-04 20:51:41,http://asucasa.net/images/holds,HTML,https://malshare.com/sample.php?action=detail&hash=889e585f4bafc4df8e9c2c356d10d277
2017-03-24 03:44:42,http://www.axmole.co.id/bin/yahoo/login.php?l...,HTML,https://malshare.com/sample.php?action=detail&hash=08f00a11c14023b0a458edec4b883036
2017-03-24 03:44:55,http://www.axmole.co.id/bin/index.php,HTML,https://malshare.com/sample.php?action=detail&hash=9894df7994bbb8c323b81acd6034e443
2017-03-25 03:00:14,http://aksesid.co.id/wp-content/uploads/rgfds...,HTML,https://malshare.com/sample.php?action=detail&hash=7e53abdeaf2d1ad1a68f8cbf248adac8
2017-03-07 03:08:01,http://monriz.com/kis/ri/index.html,HTML,https://malshare.com/sample.php?action=detail&hash=fb2f0c6b8ec6fa95312f68695f5b5eed
2017-03-04 20:49:03,http://www.generacserviceoficial.com/lolo/gmx...,HTML,https://malshare.com/sample.php?action=detail&hash=b1479ac9976971b53e71977a8f7e9bd8
2017-03-04 20:46:20,http://bizstradiesar.com/filewords/index.php,HTML,https://malshare.com/sample.php?action=detail&hash=3b2ae3884668ea4a047dd6e9e24bac06
2017-03-26 03:11:16,http://yonstailor.co.id/image/data/chaseonlin...,HTML,https://malshare.com/sample.php?action=detail&hash=42476159003f3a0461a5bd671fbc27be
2017-03-26 03:12:52,http://telorasin-yosh.co.id/Adobe.pdf/adobe.p...,HTML,https://malshare.com/sample.php?action=detail&hash=a7407664b1c3d796d92e238d6a86795f
2017-03-26 03:13:22,http://debutiq.co.id/chase.verification/login...,HTML,https://malshare.com/sample.php?action=detail&hash=7c5af293b304eb9cf80ee04a691e29bd
2017-03-26 03:13:23,http://debutiq.co.id/chase.verification/sessi...,HTML,https://malshare.com/sample.php?action=detail&hash=9bb79586853e4d3dda200aee121e9d06
2017-03-09 03:00:33,http://ishanvaastu.com/myteamwork/wellsfargoo...,HTML,https://malshare.com/sample.php?action=detail&hash=bc1e4ee0c8e8e7020bca344f43860d2e
2017-03-04 21:32:27,http://enpact.co.ke/image/5/newhotmail_deji/V...,HTML,https://malshare.com/sample.php?action=detail&hash=4097d752349e09de268256da029b6fbd
2017-03-04 20:47:41,http://pradotomansion.com/js/agentnews/home/,HTML,https://malshare.com/sample.php?action=detail&hash=0999eae98622502f570dddde14c224ee
2017-03-29 03:22:41,http://bintangpiramida.co.id/red/index.htm,ASCII,https://malshare.com/sample.php?action=detail&hash=13fbc02ebc48c5acb81d1ce4a6370c02
2017-03-04 21:04:29,http://wrid.co/001/update.htm,HTML,https://malshare.com/sample.php?action=detail&hash=855914f433db13b34e1fd6e72be7bf95
2017-03-31 04:10:29,http://crafter.co.id/ghan/index.php,ASCII,https://malshare.com/sample.php?action=detail&hash=805882891b3b011a7df6339e927bf2e0
2017-03-04 21:41:46,http://www.care4car.biz/sa/BTinternet.html,HTML,https://malshare.com/sample.php?action=detail&hash=5b9d76e31189abb1be890d0a85c517d7
2017-04-01 04:47:42,http://crafter.co.id/ghan/index.php,ASCII,https://malshare.com/sample.php?action=detail&hash=34e649fadec5d56fb4b60275b6bbc1b3
2017-04-03 03:07:42,http://dewithashop2305.co.id/here/tmp/8/onlin...,HTML,https://malshare.com/sample.php?action=detail&hash=7a0063d9817cb2fcb203e1917a5f069d
2017-04-03 03:07:54,http://dewithashop2305.co.id/here/tmp/8/onlin...,HTML,https://malshare.com/sample.php?action=detail&hash=f0d168fae3aa00843640bcc23f44bd11
2017-04-03 15:14:42,http://www.cbn-registrar.co.id,HTML,https://malshare.com/sample.php?action=detail&hash=6435a45f7a42c8e414e1db4452170d80
2017-03-21 03:05:55,http://pingwin.aldotour.pl/wp-admin/css/color...,HTML,https://malshare.com/sample.php?action=detail&hash=ecf199bff320a12b20121f667280a7a2
2017-04-04 03:14:23,http://share31.co.id/do/china/china/index.php...,HTML,https://malshare.com/sample.php?action=detail&hash=eaec2171e73a7ca875d14f7da80c9847
2017-03-04 20:55:43,http://dr-habal.com/kkb/hotis/,HTML,https://malshare.com/sample.php?action=detail&hash=f13fb3e5da0c8acd92a145af84baf720
2017-03-04 20:49:38,http://azrar.net/elidara/cli/not/Impot/LoginM...,HTML,https://malshare.com/sample.php?action=detail&hash=bafb573a3ec494d28175036d34843a58
2017-03-08 03:13:45,http://cleighton.com/online/BOA/home/confirm....,HTML,https://malshare.com/sample.php?action=detail&hash=20cf2c8bb45e81a5c73456c3461dfe2f
2017-03-04 22:56:07,http://www.kaarvens.com/images/auditorium_sam...,HTML,https://malshare.com/sample.php?action=detail&hash=48fae7ede143cf552f6c49cba7e84260
2017-04-14 03:23:25,http://pepetekcrispykanguned.co.id/wp-admin/j...,HTML,https://malshare.com/sample.php?action=detail&hash=79cdba368a72039cd4eefbe882627230
2017-04-10 03:00:14,http://architektura.krzystolik.pl/mail.yahoo....,HTML,https://malshare.com/sample.php?action=detail&hash=1cc823da856e5965fa47b4f786284360
2017-04-19 03:12:55,https://www.nusaindaharma.co.id/yahoo.login/i...,HTML,https://malshare.com/sample.php?action=detail&hash=7678b4f2d4d5f3e8447387a77e64df2d
2017-04-20 03:09:08,http://inspiran.co.id/components/http/oc/drop...,HTML,https://malshare.com/sample.php?action=detail&hash=8ec25ebe4955c1e771eb80a1192b7b70
2017-04-21 03:15:28,http://ojon-pakaianpantai.co.id/wp-content/va...,HTML,https://malshare.com/sample.php?action=detail&hash=89ea61cbd9f09ad078a98c1acbcb4d53
2017-03-10 03:19:52,http://financialdiariesmockup.com/wp-content/...,HTML,https://malshare.com/sample.php?action=detail&hash=b459c266f35911312aff63f721a8ed9a
2017-03-04 20:51:15,http://lapastelly.com.br/dbfile/dbfile/best/L...,HTML,https://malshare.com/sample.php?action=detail&hash=3982846941c8025299241919a0f0a3c6
2017-04-23 03:11:15,http://www.anugrahabadi.co.id/freshout/oldme/...,C,https://malshare.com/sample.php?action=detail&hash=a22a0e262cb3a1525381c82ada352149
2017-03-04 21:34:03,http://artikar.ir/wp-includes/SimplePie/aliba...,HTML,https://malshare.com/sample.php?action=detail&hash=3fe9440b456a4f65b4b86c17762589bf
2017-03-04 21:31:41,http://utgllc.com/chinkonew,HTML,https://malshare.com/sample.php?action=detail&hash=deb58f6c70c698d7e92acb0736bb18ba
2017-03-07 03:30:31,http://naufaldaou.com/new/galery/oyaks/login....,HTML,https://malshare.com/sample.php?action=detail&hash=e81052019fa49609f2f5f213cfc688f9
2017-04-26 03:00:56,http://thamarbengkel.co.id/ki/alert.htm,HTML,https://malshare.com/sample.php?action=detail&hash=c55768939e0331ccda6efbb4440e169a
2017-04-26 03:00:57,http://thamarbengkel.co.id/ki/phonemail.htm,HTML,https://malshare.com/sample.php?action=detail&hash=8e948c1ae3723a08ccd14fd64a1550b9
2017-04-26 03:00:58,http://thamarbengkel.co.id/ki/sec.htm,HTML,https://malshare.com/sample.php?action=detail&hash=715bf9bf6217e19c5c0e92ec11ef761b
2017-03-11 03:07:35,http://brunoweblink.com/boa/dcc0ad92326b4887b...,HTML,https://malshare.com/sample.php?action=detail&hash=19087b9f53f1fbae90b2dcba2b091d14
2017-03-04 20:55:16,http://imoveisdoca.com.br/iiiwwwrrt/verify.ht...,HTML,https://malshare.com/sample.php?action=detail&hash=cbfcf81b5cca06b1a20c771ac5abcea7
2017-04-28 03:06:06,http://tft.co.id/fajar/wellsfargo/components/...,HTML,https://malshare.com/sample.php?action=detail&hash=7251908be7e64e849fbac42f26ad9517
2017-04-29 03:11:51,http://dang.co.id/match/signin.htm,HTML,https://malshare.com/sample.php?action=detail&hash=c5454e427eab5d07c64a5476fbc07d0b
2017-03-09 03:02:17,http://www.greencircleart.com/wp-includes/js/...,HTML,https://malshare.com/sample.php?action=detail&hash=380f9fb42e50bbcf625892984b109907
2017-03-13 03:03:41,http://lajaniquerafm.com/filewoorddd/verifica...,HTML,https://malshare.com/sample.php?action=detail&hash=a26505807b37372d387fdb1be4d0f256
2017-05-02 03:12:40,http://tahubulat.co.id/allana/dropbox,HTML,https://malshare.com/sample.php?action=detail&hash=bc9ec9a5f43203a365bb24dc308db2ee
2017-04-02 03:00:33,http://ngmgroup.ru/otlaa/imfd/identity.php,HTML,https://malshare.com/sample.php?action=detail&hash=8b443d963868be1bc8d64276e3443681
2017-03-04 20:58:51,http://chacarashortolandia.com.br/dropboxsyst...,HTML,https://malshare.com/sample.php?action=detail&hash=9228f5934dc51c0c42d05acb1efdc6de
2017-03-04 20:48:19,http://wildfor.life/share/139/html/dfvAGds/do...,HTML,https://malshare.com/sample.php?action=detail&hash=77ef34fe57972cb33681b729a3ebf58f
2017-04-12 03:14:33,http://rachelavalon.com/wp-admin/images/verif...,HTML,https://malshare.com/sample.php?action=detail&hash=cd03255ff446e7597c6239d6ca79e32f
2017-04-12 03:00:47,http://bankofamerica.faculty-commons.org/veri...,HTML,https://malshare.com/sample.php?action=detail&hash=0c84befb9be29ed70d12d98b93c70c07
2017-03-04 21:38:17,http://www.polinef.id/home,HTML,https://malshare.com/sample.php?action=detail&hash=2649097264180ed8bef001e0e067fe05
2017-05-13 03:15:30,http://kayanastore.co.id/filewords/,HTML,https://malshare.com/sample.php?action=detail&hash=63112fd7357f5395b8c15ddaad7bebd7
2017-03-30 03:05:49,http://dishtvislamabad.pk/odds/Office.htm,HTML,https://malshare.com/sample.php?action=detail&hash=f0e4f0bc097e6928ebfee504b7c1a7ed
2017-05-14 03:33:05,http://kayanastore.co.id/filewords/,HTML,https://malshare.com/sample.php?action=detail&hash=5b737929819fc558732851c9abd5b7dd
2017-05-15 03:43:48,http://kayanastore.co.id/filewords/,HTML,https://malshare.com/sample.php?action=detail&hash=d8d4a0f2cd590fe094ae3827dbeef6eb
2017-05-16 04:12:15,http://kayanastore.co.id/filewords/,HTML,https://malshare.com/sample.php?action=detail&hash=22bf2bfb7b41c24e0e475fbe1c5623aa
2017-05-17 03:05:16,http://satriabahana.co.id/gmailnew,HTML,https://malshare.com/sample.php?action=detail&hash=7eefe4251f651b8fdcf132c483ad3050
2017-05-17 03:10:41,http://wiprint.co.id/Shee/dhl/DHL%20AUTO/dhl....,HTML,https://malshare.com/sample.php?action=detail&hash=bab7da343be3d628fdd3290eee48cac9
2017-05-17 04:18:01,http://kayanastore.co.id/filewords/,HTML,https://malshare.com/sample.php?action=detail&hash=fb4a7904c7140e8b10931a2fa48e1400
2017-04-13 03:02:41,http://usaa.com.inet.ent.logon.logon.redirect...,HTML,https://malshare.com/sample.php?action=detail&hash=2c1c11feb9b32fb7630b4c207e1855c7
2017-04-13 03:02:42,http://usaa.com.inet.ent.logon.logon.redirect...,HTML,https://malshare.com/sample.php?action=detail&hash=46f68a03ff7fad7a10bc36dcf10969a2
2017-04-13 03:02:43,http://usaa.com.inet.ent.logon.logon.redirect...,HTML,https://malshare.com/sample.php?action=detail&hash=394cf6a4feb22e7a534e1978121e0c68
2017-04-13 03:02:43,http://usaa.com.inet.ent.logon.logon.redirect...,HTML,https://malshare.com/sample.php?action=detail&hash=754d9ba74fef072a992662beccdfbae3
2017-05-19 03:19:41,http://www.rafaelsport.co.id/eti/blp.htm,HTML,https://malshare.com/sample.php?action=detail&hash=6ad55c7c22debc22bf25a19083b901f6
2017-03-04 22:20:07,http://ziadehagri.com/rain/wr/cd/index.php,HTML,https://malshare.com/sample.php?action=detail&hash=18f32fb0bdc60cd8496dab5894146106
2017-03-07 03:22:14,http://maska.pk/i/o/2017%20DB/,HTML,https://malshare.com/sample.php?action=detail&hash=3ce9125bc394a09702cfd4a17fb0a1cd
2017-05-19 03:05:11,https://trinacannon.com/.www/page/verificatio...,HTML,https://malshare.com/sample.php?action=detail&hash=62b2eac0d114778af7729d4377004f06
2017-05-19 03:00:45,http://tiendadeseguidores.com/.www/page/verif...,HTML,https://malshare.com/sample.php?action=detail&hash=c585711fb6bfdc16493ce568fbf75b87
2017-05-19 03:00:45,http://tiendadeseguidores.com/.www/page/verif...,HTML,https://malshare.com/sample.php?action=detail&hash=3cadffd1ad9ae1c84c04f2a0737f2cb0
2017-03-04 21:41:57,http://drinkanddialtoronto.com/wp-includes/ce...,HTML,https://malshare.com/sample.php?action=detail&hash=15991cb398eaf98d16fa1e96a1441499
2017-05-22 03:05:45,http://isikrentacar.com/invoices/jk,HTML,https://malshare.com/sample.php?action=detail&hash=ff5be1fc4878c4819bb1f366fb7ebb50
2017-05-24 03:14:29,http://www.rajajamourmutiara.co.id/system/cac...,HTML,https://malshare.com/sample.php?action=detail&hash=e73ef9b22468f8aab35c13cd687f58fc
2017-05-18 04:13:37,http://www.fountainviewjha.com/wp-admin/inclu...,HTML,https://malshare.com/sample.php?action=detail&hash=946ba28cf01371f7799dbbe8c66890e3
2017-05-26 03:04:29,http://agungsilverhouse.co.id/baa/china/index...,HTML,https://malshare.com/sample.php?action=detail&hash=0fa452855dcc7010d8a4f0531a9ea030
2017-03-04 21:11:50,http://aol844d.online/aol.login,HTML,https://malshare.com/sample.php?action=detail&hash=30146bcbdd6159f8382cb6266ee19347
2017-05-26 03:13:16,http://tiarabakery.co.id/wellsfargo/wellsfarg...,C++,https://malshare.com/sample.php?action=detail&hash=4c2891ca04231388ac59cf0bf31979eb
2017-03-04 21:10:38,http://watchface.nyc/wp-content/plugins/ds/in...,HTML,https://malshare.com/sample.php?action=detail&hash=e4e089cf7dde9821a9b0342842108700
2017-05-25 03:09:13,http://www.accurateaccountungasli.com/cgin/Do...,HTML,https://malshare.com/sample.php?action=detail&hash=4225b8c95dbbb837c76f0b7d09b1c850
2017-03-04 21:17:18,http://iadata.com.br/libraries/westernunion/i...,HTML,https://malshare.com/sample.php?action=detail&hash=b8ad178acfa2e1ff48999de32b20be9e
2017-05-28 03:06:03,http://jualtasbandungmurah.co.id/wp-admin/js/...,HTML,https://malshare.com/sample.php?action=detail&hash=02dd785fcc433639819bc27895868ab7
2017-05-28 03:13:44,http://www.cateringnoval.co.id/system/engine/...,HTML,https://malshare.com/sample.php?action=detail&hash=ed850e7355907ea0225e08081bf2bf00
2017-05-29 03:21:36,http://talithaputrietnik.co.id/x.php,ASCII,https://malshare.com/sample.php?action=detail&hash=a3a05f532ac62b94ed9278eead3110aa
2017-03-11 03:01:02,http://usaa.com-inet-ent-logoff-logoff-detour...,HTML,https://malshare.com/sample.php?action=detail&hash=832360c7986d1b19a5169c0accb969b3
2017-05-31 03:00:31,https://fauzi-babud.co.id/wp-content/voice12/,HTML,https://malshare.com/sample.php?action=detail&hash=1b577fe48454da84bb6ab90ea1ca63bd
2017-05-31 03:13:32,http://cellindosigma.co.id/command/www.accoun...,HTML,https://malshare.com/sample.php?action=detail&hash=da8cf20ac577155297cc0825268aa537
2017-05-31 03:18:14,http://www.belanjabarangbandung.co.id/ASB/ASB...,HTML,https://malshare.com/sample.php?action=detail&hash=8ab549ca66dee6418f89f3b718a5be29
2017-06-01 03:03:20,https://www.ela-dagingayam.co.id/wp-admin/vms...,HTML,https://malshare.com/sample.php?action=detail&hash=bbeb90526e415c1fc7d6ade645afa3c6
2017-06-02 03:00:53,http://tamiracenter.co.id/cpanel/aol/AOL/done...,HTML,https://malshare.com/sample.php?action=detail&hash=5cda1493307251cb22b226b24b665b90
2017-03-07 03:19:55,http://write88.com/mailupdate-su/Y1.html,HTML,https://malshare.com/sample.php?action=detail&hash=175258013653aeb7563473948eebaa33
2017-04-13 03:20:17,http://www.bnox.pt/wp-content/plugins/revslid...,HTML,https://malshare.com/sample.php?action=detail&hash=43d7af1b5e0b01cbdef33d32e6c3ccbb
2017-06-05 03:04:58,http://202.158.32.101/vtigercrm/Smarty/templa...,HTML,https://malshare.com/sample.php?action=detail&hash=7ac718ed1d6f176ed0b07ee59c152df7
2017-03-04 21:23:29,http://mrscargo.com/zx/form/confirm.htm,HTML,https://malshare.com/sample.php?action=detail&hash=ed3be142cab109697cb37927b72b66eb
2017-03-04 21:23:30,http://mrscargo.com/zx/form/error.htm,HTML,https://malshare.com/sample.php?action=detail&hash=b65fa7ec7bb21dbc62375a570d956a83
2017-06-09 03:15:13,http://hasyimmultimedia.co.id/wp-content/plug...,HTML,https://malshare.com/sample.php?action=detail&hash=05e8e0b5793f4ae853f949583b870de5
2017-06-07 03:15:12,https://mri.co.ke/wp/offik/,HTML,https://malshare.com/sample.php?action=detail&hash=bbebec0d9128db71a11a89abea0c07fa
2017-03-04 20:45:42,http://hamares.pt/nxzsa/GDriveX/GDrive/d914e1...,HTML,https://malshare.com/sample.php?action=detail&hash=4396e18bba4481cddcf243bc5cf32d71
2017-03-07 03:21:33,http://bisnismelati.id/admin/model/payment/ba...,HTML,https://malshare.com/sample.php?action=detail&hash=0a1919130057fff355d54e18a783df97
2017-03-04 21:47:52,http://www.swagvillage.com/newgg/index.php,HTML,https://malshare.com/sample.php?action=detail&hash=5d54c04bc05e4791b4fc6fa3deed668c
2017-06-15 03:10:32,http://tkislamelsyifa.co.id/info/msb/home/Dro...,HTML,https://malshare.com/sample.php?action=detail&hash=65a5b296045723c9008f120fa1158592
2017-06-16 03:00:27,http://jatservis.co.id/BAK/link/DHL%20AUTO/dh...,HTML,https://malshare.com/sample.php?action=detail&hash=97a79a05f60229c591bc70001df5d3d0
2017-04-03 03:04:12,http://greatphotographycourses.net/membergall...,HTML,https://malshare.com/sample.php?action=detail&hash=404a45fda36df2233a0c353e653df217
2017-03-04 20:46:41,http://raccongames.com.br/wp-admin/user/Dropb...,HTML,https://malshare.com/sample.php?action=detail&hash=94a21558bcb0232d624c155969caa6e8
2017-06-17 03:37:09,http://cginetwork.co.id/demo/nupmk3/GogA/,ASCII,https://malshare.com/sample.php?action=detail&hash=db346be39a852b5086c988124f0b08a2
2017-06-18 04:04:37,http://cginetwork.co.id/demo/nupmk3/GogA/,ASCII,https://malshare.com/sample.php?action=detail&hash=268eacaa45abbdae33289576aab28fc9
2017-06-19 04:16:21,http://cginetwork.co.id/demo/nupmk3/GogA/,ASCII,https://malshare.com/sample.php?action=detail&hash=1408e6838a77ab9aa3aff2ab0fa59788
2017-06-20 05:00:38,http://cginetwork.co.id/demo/nupmk3/GogA/,ASCII,https://malshare.com/sample.php?action=detail&hash=41f2f2c3fea921ff7308fcaed06eee1e
2017-04-05 03:01:37,http://drfadisleilati.com/secure-domains/docu...,HTML,https://malshare.com/sample.php?action=detail&hash=6ebd8fe2380b41e1a6598f5cd139c4e8
2017-06-21 03:09:14,http://www.tlni.co.id/sparepart_tvmi/core/cla...,HTML,https://malshare.com/sample.php?action=detail&hash=1f7467c44efca6cf53f608edbb439328
2017-04-30 03:10:01,http://bankofamerica.com.barrocabienesraices....,HTML,https://malshare.com/sample.php?action=detail&hash=19675d5ace01c3145de19eeb7ce5bb63
2017-03-10 03:01:26,http://marketinginterviewseries.com/nn/1/netc...,HTML,https://malshare.com/sample.php?action=detail&hash=6aa57218a63ec887c2bf33c237163ac2
2017-03-22 03:05:28,http://www.rajasreecorporation.com/slider/tax...,HTML,https://malshare.com/sample.php?action=detail&hash=570130c9f9db62a4a7ad0003ee3dafe1
2017-06-27 03:23:56,https://www.indonesiaferry.co.id/images/press...,HTML,https://malshare.com/sample.php?action=detail&hash=d0a6331149e5aeeb290e5ed0e205b6fe
2017-06-27 03:23:58,https://www.indonesiaferry.co.id/images/press...,HTML,https://malshare.com/sample.php?action=detail&hash=25477044aecd0df74d0d9294c77b0fdb
2017-05-26 03:01:19,http://cafebhadass.com/mail/mail/index2.php?f...,HTML,https://malshare.com/sample.php?action=detail&hash=2c8d6125cf2840f20f2923439e612d1c
2017-06-29 03:03:01,https://aishakids.co.id/wp-admin/js/whtcm/mai...,HTML,https://malshare.com/sample.php?action=detail&hash=ab67d824721c07192409dbb3b754c735
2017-06-20 03:10:05,http://www.konkoorisho.ir/TescoBankCustomer/,HTML,https://malshare.com/sample.php?action=detail&hash=fc43eb79c82999e105148c305cca3a42
2017-06-07 03:09:17,http://waste-bins.co.za/xm/excelnew/excelnew/...,HTML,https://malshare.com/sample.php?action=detail&hash=4cad0377eb2a6fe6cf094de706145379
2017-07-04 03:01:09,http://brandingcity.co.id/wp-admin/wazipo/cnb...,HTML,https://malshare.com/sample.php?action=detail&hash=2617fb8a8fc812a3f50386d1df6bab62
2017-07-04 03:03:23,https://www.indonesiaferry.co.id/images/test%...,HTML,https://malshare.com/sample.php?action=detail&hash=7668c445c497491c1d95c53efccde363
2017-03-09 03:00:46,http://www.qognify.com/webscr.cmd.SIONoDDYQ6I...,HTML,https://malshare.com/sample.php?action=detail&hash=0f7cf4662491c2eada4db78c0e319f4a
2017-03-09 03:00:47,http://www.qognify.com/webscr.cmd.SIONoDDYQ6I...,HTML,https://malshare.com/sample.php?action=detail&hash=86b191535f24009046baa5ed3af5f101
2017-03-09 03:00:47,http://www.qognify.com/webscr.cmd.SIONoDDYQ6I...,HTML,https://malshare.com/sample.php?action=detail&hash=3df9bc5edace0fa27a6ec797d4e51beb
2017-03-07 03:10:25,http://courses.agilecatalyst.com/wells/0c161e...,HTML,https://malshare.com/sample.php?action=detail&hash=dc76bc869e1c3f4d0627715e29ec1358
2017-07-06 03:04:08,https://www.wwbali.co.id/wp-includes/m-v-mn/,HTML,https://malshare.com/sample.php?action=detail&hash=c805708217a43b8a614cf591062f921b
2017-06-01 03:02:28,http://indersidecar.in/whwtrade/alibaba.com/i...,HTML,https://malshare.com/sample.php?action=detail&hash=f23851a74f7b7b99a1d0762d48207ee3
2017-04-25 03:12:58,http://1seodigitalagency.com/surv/html/capita...,HTML,https://malshare.com/sample.php?action=detail&hash=dd637064ad81164210695a22c70b912f
2017-08-04 03:15:28,http://royalbankonline.spectrababy.co.id/rbcr...,HTML,https://malshare.com/sample.php?action=detail&hash=603cabf8d3182b67ec352f65c7b3d4e6
2017-08-05 03:11:15,http://afrikocell.co.id/christianmingle.com/c...,HTML,https://malshare.com/sample.php?action=detail&hash=cdd51b6d7353024df0de01d4e1ec9eae
2017-07-12 03:40:21,http://edgecontractors.com.au/sec/westpac.co....,HTML,https://malshare.com/sample.php?action=detail&hash=1bf5750edd8edb546e7029390d096520
2017-08-10 03:18:19,http://kiiksafety.co.id/css/login/alibaba.php,HTML,https://malshare.com/sample.php?action=detail&hash=071483fe5a95cde75a2ad1ecd57660b2
2017-03-29 03:19:36,http://zeurin.tk/dhl/DH19IJUENHND6453BDT3YD7/...,HTML,https://malshare.com/sample.php?action=detail&hash=f556f1cd7f4260fe180117bcd15bd1c1
2017-03-04 20:46:47,http://savchile.com/q/Validation/login.php,HTML,https://malshare.com/sample.php?action=detail&hash=d564e3d872fcde2bd1a6b26cfbf5ef00
2017-08-11 03:27:56,http://www.pionirbooks.co.id/tut/Verificaiton...,HTML,https://malshare.com/sample.php?action=detail&hash=ede20ceb07a08dc3c21b9f2e646ca109
2017-08-11 10:28:05,http://globissys.co.id/hgf65g,HTML,https://malshare.com/sample.php?action=detail&hash=1b3be28f81cd213c87059f1ede5ad140
2017-03-08 03:00:59,http://www.lightoflife.com.au/pursuitchurch.c...,HTML,https://malshare.com/sample.php?action=detail&hash=4f489ae406d011945bc190aa844d2134
2017-08-15 03:09:34,https://www.greenwallpaper.co.id/run/tv.php,HTML,https://malshare.com/sample.php?action=detail&hash=5639c5d2dd656176aa05064073c7613b
2017-08-17 03:03:14,http://www.ayambakarumi.co.id/Leenewlatestbox...,HTML,https://malshare.com/sample.php?action=detail&hash=0c55dec0cd74e3277475c2979b90b89f
2017-08-18 03:46:46,http://www.ayambakarumi.co.id/Leenewlatestbox...,HTML,https://malshare.com/sample.php?action=detail&hash=8c8117d7f9dccf71adbb4951292c449f
2017-08-19 04:10:40,http://www.ayambakarumi.co.id/Leenewlatestbox...,HTML,https://malshare.com/sample.php?action=detail&hash=b85a50b3ba4938bfc0e44f8e80d9ff68
2017-08-20 04:09:31,http://www.ayambakarumi.co.id/Leenewlatestbox...,HTML,https://malshare.com/sample.php?action=detail&hash=4771066082cb187e0467fd779763431d
2017-08-21 04:35:12,http://www.ayambakarumi.co.id/Leenewlatestbox...,HTML,https://malshare.com/sample.php?action=detail&hash=cba9569dbd545774d732bded2719a5ac
2017-08-23 03:38:33,http://www.panjebarsemangat.co.id/js/account-...,HTML,https://malshare.com/sample.php?action=detail&hash=e1d0ce4c9eb5c3a2e26d4d813e5a8a31
2017-08-25 10:53:18,http://geocean.co.id/Mvgjh67,HTML,https://malshare.com/sample.php?action=detail&hash=10fceb6121a9c0efcbd18e274204cde1
2017-03-09 03:12:35,http://easymobilesites.co.uk/tiny/Yahoo!Accou...,HTML,https://malshare.com/sample.php?action=detail&hash=214d58868e8b778c9ac2c7528f6c4266
2017-04-01 03:01:55,http://gfoi.org.in/Form/usersucessful.php,HTML,https://malshare.com/sample.php?action=detail&hash=cc16cf80651c15fe2473eec79c10e003
2017-08-31 03:12:44,http://tth.co.id/js/views/house.php,HTML,https://malshare.com/sample.php?action=detail&hash=17c6a4ecc5d8afe26d14ae63776bed2c
2017-03-04 20:51:16,http://sharonbyrdcards.com/css,HTML,https://malshare.com/sample.php?action=detail&hash=24ab926ab3446ec71452d1cd3dd2861b
2017-09-01 08:48:43,http://essenza.co.id/sdgLKJvgh,HTML,https://malshare.com/sample.php?action=detail&hash=009ef632743ec951267b6d534c9eb805
2017-03-04 21:43:22,http://parancaparan.com/fileattached/,HTML,https://malshare.com/sample.php?action=detail&hash=58f2f661a037c7df75fb8341688d7b7e
2017-09-07 03:10:22,https://anekakain.co.id/ebyebay/ebay.de/Einlo...,HTML,https://malshare.com/sample.php?action=detail&hash=8bfff1e6139ab844a4e49f4fd2833316
2017-09-08 03:02:39,http://service-center-support.cicotama.co.id/,HTML,https://malshare.com/sample.php?action=detail&hash=b78bbd999c67cf3ddac0ee7e19da0503
2017-09-12 03:09:57,http://ill.raditeenspublisher.co.id/DROPBOX/d...,HTML,https://malshare.com/sample.php?action=detail&hash=b7e90c86cf9622bde94a0586e83208d3
2017-09-12 03:25:17,http://quantumcell.co.id/kingz/xox/domain/acc...,HTML,https://malshare.com/sample.php?action=detail&hash=c6e0e25e5cdf15c458d2f8fad6a50610
2017-09-13 03:28:01,http://quantumcell.co.id/dddddd/domain/accoun...,HTML,https://malshare.com/sample.php?action=detail&hash=218de10de5984f23d66dd6a36c2cb23e
2017-10-04 00:45:28,http://stemcellenhancementresearch.com/jhgf54...,PE32,https://malshare.com/sample.php?action=detail&hash=cf92bea857aea977023ad61ec6b6c980
2017-10-06 23:04:22,"http://essenza.co.id/ser106.png",PE32,https://malshare.com/sample.php?action=detail&hash=4849ab316b3dcde68a2a23c22dee2d98
2017-10-11 00:45:37,"http://paulcruse.com/njhgftrf3",PE32,https://malshare.com/sample.php?action=detail&hash=35ac4323f2ba28cc314cc9cd8be87326
2017-10-11 12:46:06,"http://hellonwheelsthemovie.com/09yhb7r5e",PE32,https://malshare.com/sample.php?action=detail&hash=1934bc240ae9e8e101490a9dab13c079
2017-10-18 12:45:26,"http://pac-provider.com/iuty56g",PE32,https://malshare.com/sample.php?action=detail&hash=dc2953728cc1b22536049e20b0163934
2018-03-07 03:00:33,http://tortilaarbischips.co.id/wp-includes/js...,HTML,https://malshare.com/sample.php?action=detail&hash=90baa1544796ad713dc66108c43535b4
2018-03-07 05:07:44,http://xiosdwuewey.co/non/loki/inc/class/geoi...,HTML,https://malshare.com/sample.php?action=detail&hash=00d896caf562b4de27f59b2f90abdf2c
2017-09-02 03:18:58,http://www.fameq.cl/rot/file/,HTML,https://malshare.com/sample.php?action=detail&hash=213722dd498c28e43383d9e2831b77af
2018-03-07 03:24:16,http://www.dcibundi.com/fonts/home/Suncorp.ht...,HTML,https://malshare.com/sample.php?action=detail&hash=eaf6708f5053970addd446cf35a7f699
2018-03-07 13:03:49,http://indahjayapackaging.co.id/wp-includes/S...,HTML,https://malshare.com/sample.php?action=detail&hash=d07fa70c4ce97555e1e2d6e751aefcdf
2018-03-04 03:00:15,https://mocipar.com/business/dropboxpage-fina...,HTML,https://malshare.com/sample.php?action=detail&hash=48ec70265edd3d50c4a48258d2fd3b21
2018-03-07 14:31:02,http://bankmaluku.co.id/chase/chase/home/,HTML,https://malshare.com/sample.php?action=detail&hash=68ca16fbf48a1f789ee0901d94ef1d09
2017-03-30 03:00:07,http://www.bridgesforwomen.org/aol1/login.htm...,HTML,https://malshare.com/sample.php?action=detail&hash=9e5e197e1ed701684c70dc64ff96043b
2018-03-07 23:17:06,http://deaslovehijab.co.id/auth-online-update...,HTML,https://malshare.com/sample.php?action=detail&hash=e4627744fefbce937e5cf45262beb657
2017-03-07 03:29:51,http://www.runaclub.com.br/img-banner/suncrop...,HTML,https://malshare.com/sample.php?action=detail&hash=cdb7f53dbd31ba9b36d5e9db287e055f
2018-03-08 15:53:50,http://bankmaluku.co.id/chase/chase/home/,HTML,https://malshare.com/sample.php?action=detail&hash=3237b9cb81abf035dc3098567b2f4116
2017-03-18 04:00:29,http://dataera.co.za/quit/need/verification.p...,HTML,https://malshare.com/sample.php?action=detail&hash=e51a33d2b2570e9629c4f42db75a0a1a
2018-03-09 17:42:58,http://bankmaluku.co.id/chase/chase/home/,HTML,https://malshare.com/sample.php?action=detail&hash=2a20cc0dee2518813f24380ee84361e7
2018-03-10 03:25:24,http://alatlaboratorium.co.id/blog/webmail/we...,HTML,https://malshare.com/sample.php?action=detail&hash=c24fd4b619f0478ef4fa071d47c948fc
2017-03-04 22:48:46,http://soloecuador.com/wp-admin/mail/09d2ae30...,HTML,https://malshare.com/sample.php?action=detail&hash=5e18dff04d2fe7164441f6427f891a0d
2018-03-14 06:11:40,http://www.yulynshop.co.id/wp-inv/mail/,ASCII,https://malshare.com/sample.php?action=detail&hash=cb4cbd6c4ceaf0d73badae0c5383d5c0
2018-03-15 08:40:37,http://www.yulynshop.co.id/wp-inv/mail/,ASCII,https://malshare.com/sample.php?action=detail&hash=1b3c013509e266a37b64aaf0dd61b278
2018-03-16 11:03:25,http://www.yulynshop.co.id/wp-inv/mail/,ASCII,https://malshare.com/sample.php?action=detail&hash=50f9043f620006d3be0b34c53d39afda
2018-03-17 05:33:22,http://suryatempaperkasa.co.id/SignIn/page/vi...,HTML,https://malshare.com/sample.php?action=detail&hash=eee521cbd233915b824d3eed0b42fdc5
2018-03-17 05:33:27,http://suryatempaperkasa.co.id/SignIn/page/vi...,HTML,https://malshare.com/sample.php?action=detail&hash=f3a627aeb60c0e573a3d98db9d50c8b6
2018-03-17 05:33:31,http://suryatempaperkasa.co.id/SignIn/page/pr...,HTML,https://malshare.com/sample.php?action=detail&hash=d8c9ff6c33a31caf24beda4da8c7bf61
2018-03-17 05:33:35,http://suryatempaperkasa.co.id/SignIn/page/su...,HTML,https://malshare.com/sample.php?action=detail&hash=6c0c81ee14b49d857fe4dc6fd8ac6beb
2018-03-17 05:33:39,http://suryatempaperkasa.co.id/SignIn/,HTML,https://malshare.com/sample.php?action=detail&hash=58fe43bf236b826aae07250042f941be
2018-03-17 15:03:21,http://www.yulynshop.co.id/wp-inv/mail/,ASCII,https://malshare.com/sample.php?action=detail&hash=fdc2d8f7098b1e51f39fbca2c573a624
2018-03-18 21:56:24,http://www.yulynshop.co.id/wp-inv/mail/,ASCII,https://malshare.com/sample.php?action=detail&hash=4e61f2ecf2b9cd44f3b01faee51d2ff5
2017-03-10 03:01:19,http://www.dearsirs24.de/js/best/file/files/d...,HTML,https://malshare.com/sample.php?action=detail&hash=ad0ce416d0ff03f7846f5cfdf78fe038
2017-05-02 03:07:57,http://superhousepictures.com/eagle/net/ease/...,HTML,https://malshare.com/sample.php?action=detail&hash=88ed47eefe2d2a10c608c5c75c2df956
2018-03-23 14:45:59,http://tortilaarbischips.co.id/wp-includes/js...,ASCII,https://malshare.com/sample.php?action=detail&hash=ec7deeefe0d520ba45d1a602c726c47b
2018-03-24 16:33:53,http://tortilaarbischips.co.id/wp-includes/js...,ASCII,https://malshare.com/sample.php?action=detail&hash=410e4cf0f06da0894019515c3270e7f4
2018-03-25 18:13:53,http://tortilaarbischips.co.id/wp-includes/js...,ASCII,https://malshare.com/sample.php?action=detail&hash=40c1b9535822bc0269dba7838fd015c2
2018-03-17 08:06:38,http://xibo.consina.co.id/Paid-Invoices/,Composite,https://malshare.com/sample.php?action=detail&hash=205d167958a158389af32cd7682397a6
2018-03-27 04:16:22,https://www.bankandara.co.id/images/banner_sp...,HTML,https://malshare.com/sample.php?action=detail&hash=b125c7b3af62ee6588f008bccf4c3844
2018-03-29 12:46:00,http://reyatel.com/INVOICE/VA-0693138335/,Composite,https://malshare.com/sample.php?action=detail&hash=e024d7e123d6e457a637880eb2b20f25
2018-03-30 01:05:52,http://interbanx.co.id/seopin.png,PE32,https://malshare.com/sample.php?action=detail&hash=3d55d71c3f0655837694ea125687e479
2018-03-30 00:46:58,http://www.shahriasharmin.com/ACH-FORM/BZ-137...,Composite,https://malshare.com/sample.php?action=detail&hash=0cacc2309786dc78ac0b8a3333193bab
2018-03-30 12:46:27,http://www.shahriasharmin.com/ACH-FORM/BZ-137...,Composite,https://malshare.com/sample.php?action=detail&hash=fba40d4a969cdd112bd1d5ec668b5ab3
2017-03-04 20:47:58,http://mobile-free.stylexlmail.com/mobile/imp...,HTML,https://malshare.com/sample.php?action=detail&hash=f4c8cca49cfb4b1aeb43f71b8f14c640
2017-08-22 03:00:12,http://wishglobal.com.my/Template/Bookmarks/C...,HTML,https://malshare.com/sample.php?action=detail&hash=759fea3aef591908e39e9841addfced9
2018-04-04 12:45:19,http://kishi73.com.br/dorogan.png,PE32,https://malshare.com/sample.php?action=detail&hash=c52cba3359ef8b900b25dd81ec5df47d
2018-03-29 00:16:21,http://xn--90aialc0adbpjlr6c.xn--p1ai/Rechnun...,Composite,https://malshare.com/sample.php?action=detail&hash=4cca69e11199172741df7df74e0867dd
2018-04-05 15:44:35,"http://interbanx.co.id/att1.png",PE32,https://malshare.com/sample.php?action=detail&hash=9e275c02eb94d185934a84efc5862ae7
2018-04-06 12:57:20,http://interbanx.co.id/lopagores.png,PE32,https://malshare.com/sample.php?action=detail&hash=c4634916686ad740e1d17f23721152e2
2018-04-07 04:21:21,http://motoworld.co.id/3,HTML,https://malshare.com/sample.php?action=detail&hash=3f5e670a9accae0abfe4b3ea7f6feb64
2018-03-07 05:35:25,http://ameliagates.com/wp-includes/pomo/VCPN/...,HTML,https://malshare.com/sample.php?action=detail&hash=fa0bfa77d3aee5132da72e7acb29aa57
2018-04-10 04:27:28,http://www.scannercontex.co.id/wp-includes/re...,HTML,https://malshare.com/sample.php?action=detail&hash=fa79a97f0e4fe21372d2e70719498a33
2018-04-10 04:27:31,http://www.scannercontex.co.id/wp-includes/re...,HTML,https://malshare.com/sample.php?action=detail&hash=444e6bd0a1a645837b64b1e4e9671e58
2018-04-11 00:47:07,http://interbanx.co.id/6days.bin,PE32,https://malshare.com/sample.php?action=detail&hash=8c1933fe2278e15299158ec894abfc78
2017-05-19 03:17:21,http://www.krlcci.org/drpcommunications/,HTML,https://malshare.com/sample.php?action=detail&hash=258c19a94e29c1b16c3d41807978df57
2017-03-08 03:00:54,http://www.fts.com.pk/dejavista/office.php,HTML,https://malshare.com/sample.php?action=detail&hash=f5104e86389fe182d1ba45b83ee6b640
2018-04-13 03:19:46,http://zotico.hr/wp-content/themes/zotico/sty...,HTML,https://malshare.com/sample.php?action=detail&hash=c02a38f74832de85d7725ae175445180
2018-04-13 03:19:50,http://zotico.hr/wp-content/themes/zotico/sty...,HTML,https://malshare.com/sample.php?action=detail&hash=a2bf5e28c39fb1d83880c22a4add5376
2018-03-08 04:05:43,http://www.on-acesso.com/atual/home.html,HTML,https://malshare.com/sample.php?action=detail&hash=fe48a6d87ce871f8e33f3b9e843408a3
2018-04-09 04:14:20,http://sardariwala.info/exr5t/incorrect.php,HTML,https://malshare.com/sample.php?action=detail&hash=88a4ebba2b31239c28f5d581ab1de2a4
2018-04-14 04:41:00,http://ptberkat.co.id/office365documents/inde...,HTML,https://malshare.com/sample.php?action=detail&hash=9ff70e9a1c532fa0a4053a04e56d2791
2018-04-09 04:21:34,https://sardariwala.info/exr5t/index2.php,HTML,https://malshare.com/sample.php?action=detail&hash=66d7bae85438426eede97cd626e4a1c1
2017-04-13 03:23:19,http://www.renov-et-tradition.com/scripts/123...,HTML,https://malshare.com/sample.php?action=detail&hash=c98bfdb8b687f0b5bc509fa085400456
2018-04-18 04:49:48,http://ayyasindociptamedia.co.id/livefile.php,HTML,https://malshare.com/sample.php?action=detail&hash=0085990854dbadece1fe412c18e3dc0d
2018-04-20 14:51:34,http://hbmcorp.co.id/RECHNUNG-63976/3EY50UBL7...,ASCII,https://malshare.com/sample.php?action=detail&hash=f407c4f550522b64a03a071c12505b3d
2018-04-22 03:41:26,http://innercitymanagement.co.id/innercityliv...,HTML,https://malshare.com/sample.php?action=detail&hash=0f2821705c469887b062dc7dd485512e
2017-04-05 03:06:35,https://pradeepnairphotography.com/account/We...,HTML,https://malshare.com/sample.php?action=detail&hash=eb4cfbd1404d717ed93aabaa04567ee7
2018-04-24 18:56:50,"http://interbanx.co.id/kopores.bin",PE32,https://malshare.com/sample.php?action=detail&hash=0bd3aa3b71b481e47ca40b4497b7a8c3
2018-04-26 01:01:51,http://indostraits.co.id/bbb.exe,PE32,https://malshare.com/sample.php?action=detail&hash=27972863c9cea32d76eda62bee80d5de
2018-04-26 04:32:31,http://tortilaarbischips.co.id/wp-includes/js...,HTML,https://malshare.com/sample.php?action=detail&hash=cc0dfcd50d8d3f26ac4bf5ad4b6c84da
2018-04-26 05:02:36,http://bankmaluku.co.id/chase/chase/home,HTML,https://malshare.com/sample.php?action=detail&hash=49e5ae87d35321586390db1d29011fe0
2018-04-26 12:47:51,http://indostraits.co.id/brit.exe,PE32,https://malshare.com/sample.php?action=detail&hash=a842fbb01895aa80ad09c0d19a007281
2018-04-27 10:50:20,http://bankmaluku.co.id/chase/chase/home,HTML,https://malshare.com/sample.php?action=detail&hash=36578a30d384172bd8367a26f4fb5c91
2018-04-27 12:47:52,http://indostraits.co.id/2121.exe,PE32,https://malshare.com/sample.php?action=detail&hash=ef467895843e4deb0cd7112743d2b943
2018-04-28 16:00:59,http://bankmaluku.co.id/chase/chase/home,HTML,https://malshare.com/sample.php?action=detail&hash=a73743b139bb2d33d99432623d46feb3
2018-04-29 04:21:54,https://www.banksulselbar.co.id/cancelation/o...,HTML,https://malshare.com/sample.php?action=detail&hash=16f192e3697c84e8a45ce4e35dd3268b
2018-04-30 06:06:41,https://www.banksulselbar.co.id/cancelation/o...,HTML,https://malshare.com/sample.php?action=detail&hash=921e40516a138eef6a9f2891ff7dc600
2018-05-01 04:22:12,http://https.portale-titolari-nexi-italia-onl...,HTML,https://malshare.com/sample.php?action=detail&hash=9cfa4c9d32bc959761f72f1b6221f8b5
2018-05-01 09:22:23,https://www.banksulselbar.co.id/cancelation/o...,HTML,https://malshare.com/sample.php?action=detail&hash=44260474bf80e51806cf3dd0a09b0945
2018-05-02 12:51:11,http://indostraits.co.id/o4200.exe,PE32,https://malshare.com/sample.php?action=detail&hash=6f56ccdb5c1249952bcfcad2b0c55f91
2018-05-07 00:52:48,http://indostraits.co.id/oyo.exe,PE32,https://malshare.com/sample.php?action=detail&hash=f22a3561bfab5b8d130b6e4948740951
2018-05-08 00:50:22,http://indostraits.co.id/jack.exe,PE32,https://malshare.com/sample.php?action=detail&hash=29ec7691b895c8cc5cf32611812a8c35
2018-05-08 03:48:15,http://email.storage.ptberkat.co.id/ATT/AAAAA...,HTML,https://malshare.com/sample.php?action=detail&hash=b09f99d8911f2be58378310a03be6f60
2018-04-27 05:50:10,http://www.personal.natwest.com.martacrane.co...,HTML,https://malshare.com/sample.php?action=detail&hash=afc83ae7c4ea82b533d9b8731aab3e80
2018-04-25 04:40:10,http://gelagelashvili.ml/wp-include/cha/ver/l...,HTML,https://malshare.com/sample.php?action=detail&hash=f2719c76fc62ea4e3f18f19b6d3d66c5
2018-04-25 04:40:04,http://gelagelashvili.ml/wp-include/cha/ver/s...,HTML,https://malshare.com/sample.php?action=detail&hash=f13e1240e367dadf6796e2e8ce7641ff
2018-04-25 04:40:08,http://gelagelashvili.ml/wp-include/cha/ver/s...,HTML,https://malshare.com/sample.php?action=detail&hash=5c126837d5bffb6c4bd271bf65405f15
2018-05-15 04:51:05,http://www.sunrisecorp.co.id/modules/mod_simp...,HTML,https://malshare.com/sample.php?action=detail&hash=18c7bfee8044d96cdb7a3f9180db0de2
2018-05-15 05:34:05,http://landmarkproperty.co.id/comc/cj/index3....,HTML,https://malshare.com/sample.php?action=detail&hash=9b79647ec185616babfa774f1aab478e
2017-03-08 06:44:45,http://coilgalvalumemurah.com/ka85ho0,HTML,https://malshare.com/sample.php?action=detail&hash=4ef7e74ad8e2a0d96825db5480e2e9f9
2018-05-18 00:51:36,http://indostraits.co.id/greeting.exe,PE32,https://malshare.com/sample.php?action=detail&hash=86c03ef5d90d55df9e782b32fb2ff87d
2018-05-18 13:23:35,http://indostraits.co.id/netwww.exe,PE32,https://malshare.com/sample.php?action=detail&hash=b8552e4d54976c8cf2f65b5326f3ab48
2018-05-19 12:45:44,http://indostraits.co.id/mikana.exe,PE32,https://malshare.com/sample.php?action=detail&hash=ef9de1ebc809732bf03537a7f8aecd17
2018-05-20 00:45:14,http://indostraits.co.id/estbam.exe,PE32,https://malshare.com/sample.php?action=detail&hash=fa1d5bf35a9dbeb651cfef5cc8b1f42d
2018-05-21 12:45:37,http://indostraits.co.id/alexxx.exe,PE32,https://malshare.com/sample.php?action=detail&hash=67d6a22abcb34314c44d22b93338b708
2018-05-22 14:52:01,"http://indostraits.co.id/maniple.exe",PE32,https://malshare.com/sample.php?action=detail&hash=6e143bf51909043ddf6f4b593f520eb9
2018-05-23 00:49:13,http://indostraits.co.id/mmmmm.exe,PE32,https://malshare.com/sample.php?action=detail&hash=eee1cfb437c0e06f3e346e6fa3690b53
2018-05-24 00:45:23,http://indostraits.co.id/leki.exe,PE32,https://malshare.com/sample.php?action=detail&hash=7c9fa572499709f4042dc6e4c0218823
2018-05-24 12:45:24,http://indostraits.co.id/cccv.exe,PE32,https://malshare.com/sample.php?action=detail&hash=f312294d46ac101d70fa6ee1b91beaeb
2018-05-27 12:45:13,http://indostraits.co.id/nooooo.exe,PE32,https://malshare.com/sample.php?action=detail&hash=f5fe41b19b394e35133ae971aff963f9
2018-05-27 12:45:21,http://indostraits.co.id/bags.exe,PE32,https://malshare.com/sample.php?action=detail&hash=42675c156e0a25f1339debccaafb2018
2018-05-27 12:45:32,http://indostraits.co.id/town.exe,PE32,https://malshare.com/sample.php?action=detail&hash=78f40e0bd7240301237212eb7b72340b
2018-05-28 00:49:20,http://indostraits.co.id/aaaaaa.exe,PE32,https://malshare.com/sample.php?action=detail&hash=526748150e533a349febfe2035db36e2
2018-05-28 00:49:42,http://indostraits.co.id/iiii.exe,PE32,https://malshare.com/sample.php?action=detail&hash=3e746f37fc5cc87da8ce2cc8bdf4af4d
2018-05-29 12:46:49,http://kobagroup.co.id/svchosts.exe,PE32,https://malshare.com/sample.php?action=detail&hash=0fdcaec67a70d131a854289bdde9cd4d
2018-05-29 12:46:55,http://kobagroup.co.id/smss.exe,PE32,https://malshare.com/sample.php?action=detail&hash=751637cac9bb4e5db1c163431aea8901
2018-05-29 12:47:01,http://kobagroup.co.id/winlogons.exe,PE32,https://malshare.com/sample.php?action=detail&hash=9ad54d067aecfb4e926c7f8468d4254b
2017-07-16 03:07:42,http://www.monticarl.com/gkjdgfj14/,HTML,https://malshare.com/sample.php?action=detail&hash=01081fa43396ddabc260af7728edd9a3
2017-03-04 22:28:10,http://yamoo.com.ng/yh1/authenticati0n/5ca64b...,HTML,https://malshare.com/sample.php?action=detail&hash=bebb62d9aeaa4041e14acb4299e486c6
2018-05-30 04:57:51,https://secure.account-activation.amazon.se.d...,HTML,https://malshare.com/sample.php?action=detail&hash=d7b59ef2f92ec508b5d5b2ca5be94bbc
2018-05-30 12:47:39,http://indostraits.co.id/book.exe,PE32,https://malshare.com/sample.php?action=detail&hash=82365c0e846cea675e29cccbb6b17e3f
2018-05-30 12:55:20,http://indostraits.co.id/scar.exe,PE32,https://malshare.com/sample.php?action=detail&hash=9d318e4ddb61d70f969f6448622a8a71
2018-05-30 12:55:52,http://ptgut.co.id/Facturation/,Composite,https://malshare.com/sample.php?action=detail&hash=e3930b5c8f88f81ce0474e3217b601bb
2018-05-31 12:47:31,http://indostraits.co.id/noblll.exe,PE32,https://malshare.com/sample.php?action=detail&hash=8eb8cda92a96397e1a7ac364dd71bcd0
2018-05-31 13:17:07,http://indostraits.co.id/man.exe,PE32,https://malshare.com/sample.php?action=detail&hash=a47e3065d00ed5de55fe35a6cdee1bfa
2018-06-01 00:45:06,http://rebovo.de/Facture-impayee-31-mai/,Composite,https://malshare.com/sample.php?action=detail&hash=f8180accb6f8ef7e2dbb7b869e3a672e
2018-06-01 12:50:10,http://indostraits.co.id/good.exe,PE32,https://malshare.com/sample.php?action=detail&hash=61aed8f813031c69602251c695cdf09f
2018-06-01 12:57:06,http://poshsmetal.com/Notification-de-facture...,Composite,https://malshare.com/sample.php?action=detail&hash=bc66adc709fec188bb140ef6b9fd1430
2018-06-05 01:00:46,http://indostraits.co.id/palll.exe,PE32,https://malshare.com/sample.php?action=detail&hash=198a7bf497c06263feb3519b1dcf445c
2018-06-05 01:00:52,http://indostraits.co.id/PO-04062018.exe,PE32,https://malshare.com/sample.php?action=detail&hash=e5be80183a03600941750e05467c07f3
2018-03-11 03:29:21,http://www.memorylantern.com/wp-admin/user/ac...,HTML,https://malshare.com/sample.php?action=detail&hash=3373f5ff879272c25c83589c8349d3d4
2017-07-16 03:09:31,http://www.variantlift.ru/modules/contextual/...,HTML,https://malshare.com/sample.php?action=detail&hash=8b08571e7eab38dd79394f5ac91677f8
2018-06-06 00:50:17,http://indostraits.co.id/soppp.exe,PE32,https://malshare.com/sample.php?action=detail&hash=4db20b8091333255ff2785928d4551e7
2018-06-06 00:45:07,http://sandboxgallery.com/Past-Due-Invoices/,Composite,https://malshare.com/sample.php?action=detail&hash=18d913117bd76794a1b68d9473a2fc1d
2018-03-08 03:06:18,http://arkmeditech.com/bofa/BOA/,HTML,https://malshare.com/sample.php?action=detail&hash=d6978b81017d62b8d57e958c289d9ede
2017-12-30 03:00:09,http://authentication.bank.cards.verification...,HTML,https://malshare.com/sample.php?action=detail&hash=9f8b06fb781a023cd1a7de571e877d06
2017-12-30 03:00:11,http://authentication.bank.cards.verification...,HTML,https://malshare.com/sample.php?action=detail&hash=45fbb9b5c860cd2fe174aeb8db3b3035
